Allison,D.A,56939
Anthes,Z.A,18153
Hinchshaw,F.F.Q.H,25244
Lamont,Y.M.O.L,79650
Scoffins,X.S,20381
Vowells,S.V,90003
Curtois,E.U.C,66758
Ion,T.I,66647
Danton,V.I.D,82705
Frodsam,O.H.F,20843
Bricket,O.Z.B,16125
Hedderly,K.H,66935
Caesman,A.T.M.C,51060
Smewings,W.S,52368
Leneham,D.H.L,04273
Mayow,R.M,98342
Gonzalo,Z.G,32704
Shannon,Y.S,82702
Honnicott,R.H,79225
Fardy,D.H.F,14961
Hischke,G.G.H,68705
Speers,D.I.S,79767
Ramshaw,C.R,53340
Mowday,J.K.M,77877
Kmietsch,F.S.K,22229
Mabbe,C.F.M,41678
Hasted,L.F.H,40571
Bradforth,G.S.B,21945
Hember,N.L.H,84841
Langman,O.H.L,37534
Rymer,Y.M.R,33759
Rawcliffe,B.I.R,47562
Hubble,T.I.H,21233
Piel,I.J.P,63627
Knobell,N.K,98612
Ivashin,H.A.I,41172
Castellani,X.C,05829
Klemke,C.H.K,51465
Macourek,V.M,01626
Gallandre,M.G,12581
Mattevi,U.M,27709
Amner,P.O.A,54903
Govinlock,U.A.G,34772
Hamm,K.H,53306
Findlay,W.F.F,13846
Azema,V.A,24456
Kubat,S.G.K,96482
Josskowitz,Y.M.J,63386
Dufour,T.O.D,16262
Fass,Q.F,51632
Kunze,B.N.K,50034
Aire,F.V.A,47790
Walisiak,Z.W,60539
Hugill,Z.U.H,45618
Beange,U.B,36408
Lalonde,D.L,00756
Pulley,J.H.P,68781
Sannes,M.G.S,46533
Ovendon,C.U.O,43834
Tute,M.T,01203
Seson,C.S,17633
Caddies,H.C,03550
Gayther,Y.D.L.G,01055
Pyson,J.V.P,69888
Burtwistle,H.N.V.B,53741
Kobus,J.K,93730
McGraffin,P.O.W.M,92373
Arnot,F.A,97440
Climance,V.P.C,88735
Latour,O.L.L,48550
Doniso,X.D,34043
Penbarthy,L.Z.P,35402
Ren,U.R,25200
Richold,S.R,10749
Clavey,Q.C,69494
Rivett,G.E.P.R,53079
Skillanders,C.P.S,44702
Fiske,C.K.F,13753
Roslen,P.T.R,06599
Sans,G.I.S,44116
Neem,B.N,84449
Catford,O.C,91059
Purver,J.P,70585
Derrick,F.D.D,19538
Hurll,Y.H,81466
Biesterfeld,T.V.B,47563
Brundell,J.B,25598
Muldowney,Z.J.J.M,29081
Cattemull,O.E.C,26737
Favey,T.F,67798
Figgen,R.F,66958
Lindblom,V.L,28847
Rennebeck,N.K.R,86865
Ridgway,W.U.R,97786
Coleford,X.K.C,34880
Hearle,K.P.H,27373
Kerans,Y.K,68974
Trinke,F.L.T,09874
Croson,P.C,04999
Deackes,E.D,90176
Seligson,X.S,69195
Borless,P.B,32710
Rowter,H.M.D.R,95401
O'Sherrin,O.D.O,32796
Sallnow,L.U.V.S,06116
Tuite,O.F.T,02817
Chesman,F.E.C,73594
Cowdrey,C.C,86291
Crayden,C.C,29953
Carayol,U.C.C,88426
Belfrage,C.D.B,94975
Macconachy,S.C.M,38653
Champain,G.C,52929
O'Kenny,F.V.O,49528
Loddon,A.L,00535
Bayldon,Q.B,73011
McCarron,D.M,09304
Gifkins,J.E.G,47423
Alasdair,Z.M.A,22255
Backshell,D.B,96178
Lendon,G.L,66998
Lorait,R.O.L,85539
Busfield,J.B,08882
Tellenbach,U.Q.T,22864
Brannon,B.B,25692
Regardsoe,W.R,10753
Sidsaff,G.S,21144
Mustoo,Q.M,55165
Hards,E.H,31276
Leguey,J.N.L,47468
Ravilus,Y.A.R,02191
Handaside,X.D.D.H,74485
Ocklin,Q.O,32358
Fursse,Y.M.F,85411
Biaggioli,S.B,97075
Blabie,G.H.B,69246
Robrose,C.R,04911
MacArte,E.Z.M,25533
Mounsie,R.M,58097
Haire,S.V.H,49624
Manthorpe,R.A.M,82971
Elsbury,G.J.E,06558
Gaines,L.I.G,53487
Walcar,I.Y.W,26742
Fauning,Z.U.F,07206
Ealles,B.E,77106
Izak,L.Y.I,66613
Rains,C.U.R,80308
Jelleman,O.B.J,88238
McCaughey,P.M,43039
Sherrell,O.S,58743
Warsop,N.W.W,08568
MacRinn,U.G.S.M,55713
MacGiany,B.Z.P.M,36015
Carver,D.C,54354
Dunnico,A.D,77715
Sollom,M.O.S,47085
Tropman,B.W.T,37192
Mastrantone,M.M,54406
Twamley,Z.T,77133
Martellini,H.H.M,65574
Haffenden,L.H,83424
Redwall,T.R,47024
Ivatts,W.I,76648
Quinnelly,W.D.Q,24450
Mulvagh,X.D.M,23851
Mellmer,T.M,92141
Orwin,G.A.O,01285
Tod,D.L.T,46623
Collishaw,U.W.C,58410
Ranaghan,Z.R,89255
Jeppe,R.J,83657
Rachuig,X.R,02784
Ramsdell,U.R,19515
Lait,Z.L,43713
Whybrow,A.X.V.W,57897
Bartoszek,U.T.B,77557
Speak,F.I.S,00671
Fowlestone,B.W.F,85760
Uphill,M.T.U,67807
Shark,T.Y.S,62008
Eymer,K.V.E,33641
Treadger,C.A.T,85649
Knudsen,R.K,24219
Boerderman,P.B.B,38258
Geldeford,P.Y.G,45462
Gaenor,J.G,94066
Smedmore,G.L.S,34685
Lumby,Q.O.L,81497
Roblett,U.A.V.R,23350
Ashdown,C.L.A,31166
Esh,J.E,83564
Robjohns,X.R,77246
Braine,I.X.B,60883
Sedgemond,D.Q.S,88875
Morrallee,A.M,31905
O'Scollee,D.O,75619
Larmor,W.W.K.L,05456
Donnel,H.F.D,66455
Abbati,R.A,94470
Larose,B.M.L,00999
Maceur,M.H.M,43006
Eliaz,V.E,45914
Agiolfinger,K.P.K.A,28131
Tice,Z.T,43046
Bodd,V.J.B,28398
Harefoot,T.H,45610
Ropking,R.R,43725
Aleevy,J.A,41085
Ashwin,J.A,93871
Ouver,J.O,95009
Chidler,L.B.C,78632
Boucher,P.N.B,35362
Ladon,Y.M.L,38869
Depport,Z.H.D,03975
Pavinese,W.O.P,03580
Punter,Y.P,54074
Brundall,M.X.Y.B,18312
Petters,V.P,07082
Novotni,V.I.N,24208
Bantham,E.B,63107
Strodder,H.A.S,36620
Lant,N.C.L,77527
Amy,T.A.A,15685
Higounet,O.S.H,96996
Haime,T.J.Y.H,82237
Hurling,D.P.H,41340
McGuiney,G.M,46113
Sessuns,L.S,75665
Witherington,H.U.W,49004
Barbier,D.Y.B,01123
McAsgill,I.E.M,57644
Guerreau,W.N.G,44069
Gianotti,Z.B.G,58725
Whitmore,W.J.L.W,39348
Taysbil,Z.W.T,46376
McLachlan,M.M,96462
Shank,I.S,02049
Grassin,R.Q.G,80267
Cussen,O.C,85862
Garnett,Y.H.G,75920
Fishly,L.F,76131
Donaho,O.D,16945
Strathe,X.O.S,19705
Bury,Y.D.B,70725
Ablott,T.Y.A,93741
Elcombe,F.E,96162
Kinig,Z.K,58294
Langsbury,T.L,36088
Crim,G.V.C,56286
Rowan,S.N.R,97822
Affron,Z.H.A,78175
Winterburn,F.W,17695
Etienne,L.O.E,23087
Conring,S.K.C,78572
Baillie,B.B,46486
Mirfin,S.A.S.M,43216
Willshee,G.I.W,74201
Rossey,Y.D.R,23883
Yukhtin,M.T.Y,63648
Hawkswell,P.V.H,22441
Atmore,K.A.A,53113
Hursthouse,N.V.H,26948
Karlqvist,B.W.Y.K,27716
Allibone,S.L.A,54195
McKissack,C.M,94301
Bullocke,L.B,26482
Findlater,B.F,39835
Cottham,V.F.C,16764
Mechi,N.E.R.M,54111
Royl,B.R,27007
Pace,T.P,45315
Relph,A.R,96430
Tremonte,B.V.T,23419
Zuann,B.Z,37423
Eddleston,Y.V.E,61085
Drife,L.D,83178
Lucus,P.V.L,69142
Peaddie,G.O.P,21335
Brisard,O.C.B,10476
Garaghan,J.I.G,10947
Duny,F.U.D,05465
Glanton,A.D.J.G,40441
Sloy,J.G.R.S,57009
Yonnie,N.Y,26686
Ebdon,W.E,36312
Szwandt,W.M.S,50580
Munns,C.M,20518
Dodds,D.D,65204
Streetfield,D.B.F.S,79327
Marquez,Z.M,53829
Cowie,S.G.C,17032
Noblet,F.N,96251
Okenden,I.O,92409
Servante,P.S,90551
McLellan,O.M,81355
Ottewell,Q.Q.C.O,34228
Larenson,E.L,81366
Iltchev,J.I,35249
Lowell,I.Y.L,41124
Heliet,N.H,87047
Ellam,B.E,80746
Lilliman,E.A.L,56452
Carik,T.V.C,47244
Grace,Z.Q.G,89152
Wortt,B.W.W,54005
Matous,H.F.V.M,98043
Gookes,S.G,77767
Crossingham,G.A.U.C,08164
Chaperling,E.D.C,68587
McCaffrey,S.Z.M,96963
Thinn,G.T.T,55508
Glaum,B.G,16445
Reignolds,U.R,06804
Gookey,A.I.G,54215
Tout,Y.T,41061
Denisovo,X.D,77804
Croot,T.Y.C,59984
Hassur,P.H,03465
Fallis,E.C.F,10900
Rudsdell,O.K.R,45015
Ochterlony,S.N.O,25707
Ikins,Z.U.I,66328
Conyers,T.O.C,05915
MacLure,P.Y.M,96990
Soares,W.H.N.S,38874
Broome,O.P.B,19168
Perche,T.P,83916
Biskup,I.B,00603
Kennewell,Z.K,45357
Dalbey,T.J.D,38365
Perell,W.E.P,81393
Fredi,Z.X.F,01200
Shelmardine,V.S,37465
Jordeson,L.J,38791
Hartgill,F.H,93345
Ham,P.H,50329
Edmondson,T.D.E,50359
Ollett,H.I.O,29149
Newcom,Z.O.N,38137
Boneham,H.W.B,36219
Shillinglaw,Y.O.S,74432
Gowthrop,H.W.G,85688
Burnhill,W.U.B,86125
Arrault,I.G.A,90125
Caras,H.C,49693
Mole,B.C.M,82610
Umney,R.U,51739
Wase,T.J.W,00937
Bartens,R.G.B,97259
Batchelor,F.B,72049
Messenbird,X.M,74220
Chieco,I.G.C,04953
Devas,K.S.D,51373
Fackney,H.B.F,72016
Rable,Y.R,19915
Kier,D.C.K,22108
Elcom,G.E,62344
Philson,F.P,71596
Huff,X.H,82770
Haddrell,V.H,20997
Sumpner,R.M.S,39424
Fraczak,K.Q.F,35324
Johns,F.C.J,48035
Bernard,O.D.B,35927
Grint,M.L.G,01272
Raffels,Y.Z.R,39585
Gouny,F.G,34565
Gremane,B.G,56700
Mallam,P.M,01523
Pickthorne,E.F.P,94458
Levington,T.O.L,03738
Brecken,E.E.O.B,17141
Onraet,Y.U.O,68159
Ferreras,X.N.F,19617
Eake,G.E,87667
O'Gready,Z.S.O,39633
Rowles,D.E.P.R,14334
Simper,P.T.S,40691
Patnelli,V.P,82760
Harrowsmith,D.H,39220
Hugland,U.H,35337
Kevlin,P.J.K,90673
Summerly,C.S,77297
Adamowitz,Y.A,43369
Scollick,C.X.S,46293
Sloey,V.S,80412
Styan,O.N.U.S,14515
Meachem,R.M,06745
Corking,E.K.C,00215
Watt,N.W,86791
Greg,G.U.N.G,35406
Leades,G.L,45727
Antoniottii,P.I.A,67587
Keely,K.M.K,41036
Fenemore,I.M.F,38142
Marnane,H.M,58770
O'Brollachain,S.H.O,65319
Pierucci,H.G.P,20691
Morrall,S.L.M,73815
Checcucci,P.O.H.C,04023
Wealthall,B.W,48648
Grgic,Q.L.G,60195
Corday,M.C.C,12492
Klimus,N.W.W.K,13567
Bowdery,F.P.Z.B,66078
Clows,X.C,00915
Waite,A.B.W,95807
Esplin,G.E,34590
Wride,R.W,20662
Clifford,I.C,05688
Mouget,Z.M,10061
Yapp,J.W.Y.Y,87335
Gerrell,Z.G.F.G,94447
Borrett,P.B,09126
Graysmark,F.H.G,58372
Badsworth,K.B,11273
McArthur,S.W.Z.M,26302
McGeechan,B.G.M,60614
Medmore,X.M.M,83461
Slocomb,T.S,82585
Kobiela,N.K,84406
Philipsson,L.V.D.P,42803
Dawidman,T.K.D,51790
Derrett,B.D,85675
Natt,W.N,07707
Traill,O.T,49418
Eckery,K.E,80106
Sambrook,S.S,13122
Houseman,V.N.H,17299
Hulle,H.Z.H,64845
Stockford,G.W.S,92662
Kimm,M.F.K,57737
Fellon,T.L.F,46643
Domb,Y.L.D,26498
Karslake,E.O.K,15391
Espasa,U.H.E,50202
Billows,L.S.B,88827
Gleave,U.Q.G,21298
Menichini,A.K.M,38435
Ettery,O.E,34480
MacMaykin,N.M,59480
Trymme,V.L.T,09917
Rigbye,H.L.R,08225
Gorgler,S.T.G,72968
Gibbonson,F.W.G,70979
Rizzardi,S.R,59955
Carnaman,Q.C,97891
Meneghi,K.Z.M,28962
Eplate,K.M.E,32792
Devonport,O.D,80612
Ezzell,E.X.S.E,34597
Slyford,M.F.S,30153
Karus,B.K,81030
Clemens,Q.T.C,59090
Trattles,L.T,24936
Bucknell,W.B,69986
Sibbering,M.S,27908
Heiss,Z.Z.H,53467
Torritti,S.W.T,74356
Spering,H.J.T.S,37713
Bavidge,Q.B,71252
Dudney,Z.D,15515
Hartrick,A.H,29448
Blick,V.B,09753
Fer,M.F,72091
Belderfield,R.J.B,71144
Whatsize,K.B.W,98287
Rotlauf,I.Z.R,35024
Itzkovwitch,H.I,02450
Grishagin,Y.P.G,98446
England,I.W.E,76834
Monkman,B.M,46099
Keaves,K.K,98464
Ruxton,G.R,20163
Camps,U.C,54248
Gair,M.C.G,02045
Coldtart,O.C,42144
Claiton,H.T.C,46244
Simoens,N.V.S,80264
Matejic,K.D.Z.M,89058
Malpas,V.M,90739
Posthill,J.P,24794
Hiddsley,I.H,38151
Newby,P.W.N,21343
Walesa,E.W,65745
Taudevin,C.T,92119
Tomley,O.T,86642
Whardley,U.M.W,24091
Tortoise,L.J.T,30091
Cozens,W.S.C,46445
Lenin,H.F.L,61925
Gallety,N.A.G,05701
Orehead,U.O,11093
Keers,F.O.M.K,55295
Delves,B.D,29811
Droogan,E.F.D,32337
Hammerich,W.I.T.H,07183
Studde,I.R.S,17205
Vassbender,D.F.V,47301
Hackley,J.H,34989
Sandercroft,U.S,19344
Nasey,M.N,87216
Galland,K.G,25726
Earp,B.E,38977
Vidineev,X.V,03259
Chaff,Q.C,38070
Ingerfield,H.N.I,29580
Treverton,Z.T,49828
Cicculini,O.K.C,42802
Streatley,Y.Q.H.S,31264
Stride,I.S,64858
MacKerley,P.M,35632
Mattiello,K.M,42259
Greasley,Q.G,83844
Domerq,T.A.D,75471
Mussen,A.C.M,64615
Scambler,Q.B.E.S,46271
Macek,F.I.M,83941
Hartegan,X.H,45572
Szymonwicz,I.J.S,90638
Minguet,U.M,97300
Rickersey,I.R,26725
Richings,F.R,34252
Westgarth,G.H.W,49521
Woodison,Q.W,43876
Lintall,V.F.L,42805
Winfrey,L.Q.W,93655
Adamczyk,U.A,52780
Gallahar,Z.W.L.G,35467
Kolakowski,X.Y.K,99420
Abelson,K.A,61536
Ledward,B.L,14660
Peace,C.D.P,99972
Tatershall,N.I.T,34711
Worge,Z.W,00410
Gooder,J.G,16956
Tupper,J.H.T,13068
Fellis,E.A.F,63544
Reijmers,M.O.E.R,07527
Ellul,C.E,97808
Jones,C.M.J,73548
Duffy,B.Z.D,60799
Heatherington,X.H.H,23421
Aland,B.F.A,22306
McCree,Y.M,28759
Comer,Q.C,15438
Androlli,H.C.A,58390
Stiebler,T.M.S,91894
Robberecht,N.S.R,91640
Budgeon,I.B,25464
Bodicum,X.B,20589
Foort,O.F,18782
Woller,R.X.W,68429
Hender,Q.J.H,83362
Idell,W.Z.I,44755
Fillgate,D.F,80195
Clappson,T.C,99328
Ferrick,X.F,88485
Etridge,T.E,51763
Sey,Z.S,07389
Burnard,U.M.B,94533
Pickett,S.P,92319
Spawell,U.S,60199
Bollum,N.L.B,28671
Menguy,S.H.M,32217
Berndsen,S.X.B,99015
Borrow,L.B,42582
Coulthart,E.E.X.C,07439
Wenden,W.O.W,11438
Scard,N.J.S,47316
De,K.D,60727
Grunwall,K.G,59614
Wrankling,I.F.W,39668
Di,L.D,92979
Paye,Z.V.P,91619
Pedroni,E.P,16548
Welsh,S.W,79351
Banting,O.F.B,74661
Du,K.M.D,65847
Pollicote,U.P,37327
Kibble,Z.K,75504
Sandon,P.S,48886
Hairsnape,D.E.H,19420
Kirvell,Q.G.K,06061
Haszard,D.R.H,67411
Ruddy,P.R,06761
Donkersley,E.D,63175
Battin,G.B,19668
Mangan,Q.F.M,19089
Layson,W.L,97510
Filimore,F.H.F,70278
Raittie,H.R,73151
Biddell,R.Q.B,23710
Tierny,F.E.I.T,40119
Bilyard,M.B,77859
Laughlan,C.J.L,12825
Origin,S.O,24169
Matthaus,N.O.M,07684
Abisetti,W.A,20530
Boylin,L.B,28821
Aldrich,Z.A,29851
McGaraghan,E.S.M,37528
Lemon,O.T.L,05168
Pearcehouse,O.P,55406
Ambrogiotti,I.A,09389
Everleigh,Q.E,21726
Ferro,A.J.F,95286
Purnell,Q.P,63088
Dalrymple,G.D,17893
Yantsurev,N.Y,22728
MacGlory,M.X.M,74654
Treven,M.T,69985
Labrom,J.L,83162
Wetton,L.T.P.W,25346
Rennocks,P.R,01030
Snufflebottom,R.M.I.S,24841
Snazel,V.N.S,60777
Lentsch,D.B.L,07085
Peers,J.P,93941
Sabey,F.G.S,39998
Palle,I.P,88535
Devoy,S.D,68813
Juster,M.J,05239
Verlinden,I.X.V,98568
Auton,S.E.R.A,79584
Tape,N.T,67882
Barkway,R.T.B,07680
Pittwood,Q.C.P,42223
Manvell,U.N.M,20992
Sooley,R.S.S,74801
Pancast,K.O.P,39197
Deely,F.D,32608
Tinwell,G.T,63595
McAleese,A.G.M,65279
Wettern,P.W,85544
Caney,O.T.C,86826
Phin,I.M.P,72604
Dudmesh,F.E.D,39439
Giacubo,M.M.G,94807
Dowse,O.D,26868
Peracco,L.P,91328
Trimble,P.T,55423
Warner,H.R.N.W,01136
Besque,O.P.B,45915
Fenix,A.J.F,63560
Glyne,S.G,72415
Tidswell,I.T,93304
Spawton,O.F.S,21674
Sinfield,B.S,95072
Kohtler,R.U.K,35091
Raun,Q.R,50979
Touret,A.T,75756
McDonell,X.K.M,35123
McQuarrie,X.N.M,83312
Harbard,P.H,40530
Lauritsen,Z.L,48000
Culy,K.I.C,45728
Riveles,Z.Z.R,11487
Austin,V.A,24032
Gylle,U.G,13614
Stamper,S.S,23143
Mecco,E.M,27823
Garraway,G.X.G,64136
Saltrese,U.D.S,64244
Langdridge,M.L,33169
Quartly,C.O.Q,49427
Bowditch,H.B,81665
Ashleigh,F.A,34558
Randalson,M.H.R,27565
Strike,J.O.S,13739
Eilhart,Q.E,32795
Woodall,Y.W,49487
Saunt,E.J.S,88061
Tather,T.R.T,28625
Gritskov,W.G,12052
Fansy,W.A.F,39946
Pether,L.N.R.P,97217
Soot,D.S,36394
Byres,V.B,85788
Brockhurst,C.B,21462
Stanworth,I.S,61481
Le,X.L,12830
Rushbrook,H.R,58926
Stopford,H.S,43983
Charlo,H.O.C,29625
Yegorshin,Z.A.Y,37148
Franke,Z.R.F,87874
Hucknall,A.H,91326
Reubens,K.R,84289
Willoughway,Y.W,63694
McKitterick,B.H.M,14173
Mc,P.X.M,09181
O',C.E.O,84078
Augustin,M.G.A,99791
Crosi,K.S.S.C,06978
MacKettrick,E.M,90506
Franks,X.F,14249
Yushmanov,K.N.Y,37507
Breslauer,I.E.B,88755
Cammell,N.J.C,97662
Drysdale,P.D,78039
Tydeman,G.M.F.T,90400
Crier,H.E.M.C,03434
Tunniclisse,G.K.Z.T,59070
Minmagh,Z.M,46044
Essam,I.X.E,55155
Bonnet,U.B,05771
Yaxley,M.Y,36512
Gilder,X.R.G,50379
Pedracci,M.P,48371
Lutwyche,L.A.L,10746
Chatt,P.Y.C,51094
Slocumb,V.S,45163
Swindle,G.S,97305
Henriques,V.T.H,18648
Burndred,W.I.I.B,04606
Claxson,Z.C,81389
Gravenall,J.S.G,80399
Olliff,Y.O,32485
Skitt,Z.Y.S,58851
Golsworthy,X.G,09188
Wolford,V.Z.W,54329
Cabane,R.V.I.C,72758
Whopples,E.H.W,45135
Vallery,Y.W.Y.V,56330
Kasparski,L.X.H.K,85473
Durnill,J.L.D,79393
Brabbins,R.E.Z.B,08384
Dinjes,E.D,66013
Tydd,O.T,69810
Sambles,O.S,23833
Weldon,F.W,63596
Duddan,Q.V.D,86566
Riccione,V.J.R,04205
Kennifeck,U.V.K,08629
Turrill,D.T,00195
Bowmaker,Z.C.B,98421
Thompsett,J.W.T,86160
Moodie,Q.M,91228
Lefeaver,O.L,31563
Broe,E.I.W.B,88122
Azam,Y.W.A,76340
Hinckley,K.H,35464
Morit,Y.N.M,48266
Taye,A.W.T,31135
Lehon,P.S.L,56248
Fludgate,N.F,76624
Haylands,Y.H,55167
Downing,M.D.D,63192
Shovlar,A.S,79697
Loren,J.L,16765
Haldene,U.H,06445
Storrah,N.T.S,11864
Palliser,T.Y.P,01346
Filippyev,Z.Q.F,95999
Thursby,I.C.T,66414
Massy,M.S.M,40515
Deplacido,A.J.D,05575
Vankin,F.V,61040
Macilhench,O.M,41518
Storrar,W.U.S,14352
Gowland,X.G.G,47031
Roffe,R.R,60304
Piggott,C.P,80043
Maynell,S.M,18064
Spriggin,K.V.P.S,98438
Narramor,G.F.N,39084
Binch,X.B,74325
Emett,D.W.V.E,77875
Hannaway,C.Y.H,50603
Blei,L.B,62983
Clancy,A.U.C,04678
Leadley,R.L,88246
Massimi,B.K.M,28838
Kleinzweig,U.X.S.K,98722
Willshire,Y.W,56414
Dunley,L.D,48466
Hollyman,W.Y.B.H,49177
Fell,J.K.F,89524
Plows,K.P,82255
Rouby,E.R,71940
Dahlgren,N.P.P.D,26170
Matteoni,R.M,98122
Lippard,A.Y.L,36738
Beckerleg,L.B,01543
Guilliatt,Z.Y.P.G,25910
Coleborn,H.Q.A.C,28418
Toulson,B.H.T,42355
Courtes,Y.Y.R.C,23012
Boschmann,B.W.B,06406
Troman,C.T,32172
Riddiford,G.R,99573
Hampe,N.H,48884
Gullen,F.C.N.G,33512
Piatto,O.P,86878
Suatt,A.S,00632
Poundford,C.V.P,03136
Bum,Y.B,92791
Stanney,W.O.S,08996
Gaunter,T.P.G,65266
Nekrews,D.N,84678
Gillbey,C.K.G,55023
Milbourn,Y.C.M,17467
Rosel,Y.R,69735
Boice,S.B,12152
Jurkiewicz,F.T.J,61143
Gullick,W.G,11202
Iglesias,F.K.I,57637
Petyankin,L.P,69937
Birrel,Z.B,76463
Bellingham,W.B,02440
Derell,Q.A.D,17110
Skurm,Y.S,47430
Flucker,I.F,14252
Maps,B.M,05176
Bartleet,N.B,26766
Buckett,K.D.B,05525
Meltetal,L.T.S.M,18234
Flippelli,P.Q.F,18149
Skiggs,U.R.S,68342
Hattiff,D.H,48311
Boscott,B.B,79340
Giotto,K.Q.G,07414
Gaynor,X.G,28883
Cranmere,T.C,01606
Pigram,C.J.P,83074
Brun,N.J.B,39339
Egglestone,B.E,01311
Rushton,S.R,51009
Brayshay,H.X.B,77712
Benbrick,P.B,17211
Hessing,L.H,27681
Lindwasser,D.X.A.L,80590
Santhouse,F.R.S,97008
Elleyne,T.E,36994
Reedy,E.R,28579
Presdee,N.P,11747
Common,D.O.C,16482
Lakey,Z.F.L,73095
Poppleton,H.E.P,61524
Audenis,M.A,52831
Colt,L.C,18934
Sharpless,M.L.S,47448
Forde,G.H.F,93358
Kesey,T.K,70679
Eliasen,Z.C.E,75425
Venners,X.V,18012
Cluatt,H.C,47953
Brosius,U.B,86579
Brotherhead,J.M.B,07108
Spilsbury,H.S,53917
Bostock,T.B,97540
Killingworth,M.K,86730
Rohlf,M.R,90563
Heeron,Q.H,17678
Posselt,E.P,91039
Geroldi,Q.G,03423
Jina,B.J,03927
Yushankin,I.R.Y,67845
Gummoe,H.D.G,75020
Allerton,Z.A.A,22429
Phare,Y.Q.P,38057
Kingett,C.P.K,73514
Dragon,G.D,73029
Eyeington,F.L.E,35187
Igo,C.G.I,43794
Weathey,R.W,81316
Matthewes,A.Y.M,84856
Yitzovitz,Y.E.Y,14905
Dreelan,D.D,49771
Adacot,R.A,80702
Leggott,G.A.L,22848
Van,E.V,32690
Pucker,E.N.P,55625
Zorzini,J.V.Z,44332
Linner,I.Y.J.L,01690
Burniston,G.B,48464
Hadye,I.H,53026
Bernini,H.B,15848
Chalfain,J.O.Q.C,54358
Durran,E.D,93018
Balog,L.B,57854
Headings,G.I.H,58037
Strutz,Y.Y.S,01060
Szymanek,J.Q.S,84008
Greenman,E.G,96958
Sigfrid,S.S,58028
Maffetti,G.L.M,76417
Caban,U.C,40931
Noon,J.N.I.N,35866
Bayford,R.B,62822
Flavelle,H.G.F,12406
Barrick,N.B,38858
Wilstead,B.W,59981
Ridout,V.X.R,35779
Orry,O.O,78086
Firmage,S.E.F,48724
Cheyney,G.C,88996
Gorey,S.Y.A.G,31741
Asser,S.W.A,79093
Fanthom,F.X.F,96893
Brewse,B.B,78709
Glavis,B.G,53235
Christophe,P.C,42564
Deinhard,O.N.D,82878
Skudder,F.W.S,32957
Clowes,S.C,33473
Outibridge,E.L.O,93610
Alway,X.G.A,19383
Tilbury,J.X.T,96138
Toppas,E.T,03460
Carvilla,U.C,35677
Philpot,E.P,33947
Clunan,P.H.C,20404
Grimsdale,Q.H.G,98429
Dunton,D.D,02771
Bastick,R.M.B,83168
Benini,I.A.B,82090
M'Quharg,S.G.M,84494
Haggett,P.C.H,14451
Lambert,E.F.L,91336
Gayler,H.G,92450
Rigler,Q.G.R,01928
Andrivot,R.I.A,79655
Manzell,H.W.M,25007
Fullerlove,M.P.F,93416
Gurg,T.V.G,81561
Fann,T.F,77234
Stote,O.M.S,84044
Corten,M.O.C,38108
Nussii,J.F.V.N,69753
Habben,R.C.S.H,57577
Taylor,L.T,00156
Tomicki,N.T,71676
Taylot,B.T,43223
Bench,X.B,32652
Sentance,O.W.G.S,40377
Derry,K.V.D,35640
Farnill,S.D.F,94636
Kinneally,M.K,33030
Ledwitch,T.D.L,03947
Craighall,S.C,79963
Benedit,F.B,50679
Nunan,O.P.N.N,88549
Prott,S.V.C.P,39869
Jakes,M.H.V.J,28440
Ransome,I.R,97463
Thurby,C.L.T,33742
Keble,A.K,45708
Ambroz,V.V.A,53279
Maior,Y.I.C.M,27593
Isaaksohn,G.M.I,01820
Vakhrushin,F.D.V,10897
Mathews,O.N.N.M,56982
Bricknall,B.Q.B,29990
Meakin,J.M,46503
Benda,I.Z.B,15209
Melanaphy,B.M,46111
Barden,Z.B,46551
Hutchason,S.H,52420
MacNucator,U.D.M,61675
Fortune,W.H.F,39394
Matzaitis,U.G.M,56247
Gothard,Z.G,30453
McPhelim,L.M,21291
Rennix,C.R,31171
Tourville,R.J.T,46518
McGhie,E.M,28502
Temperton,W.T,02868
Normaville,F.S.N,09040
Elletson,R.S.E,20938
Allsop,A.A,20554
Froggatt,X.F,60070